Datetime,Water Level (m)
2026-04-17 06:00:00,0.58955145
2026-04-17 07:00:00,0.12389256
2026-04-17 08:00:00,-0.35892484
2026-04-17 09:00:00,-0.7897921
2026-04-17 10:00:00,-1.0979351
2026-04-17 11:00:00,-1.186878
2026-04-17 12:00:00,-0.82732767
2026-04-17 13:00:00,-0.26478297
2026-04-17 14:00:00,0.31324875
2026-04-17 15:00:00,0.82088333
2026-04-17 16:00:00,1.0841551
2026-04-17 17:00:00,0.9601497
2026-04-17 18:00:00,0.512808
2026-04-17 19:00:00,0.031624906
2026-04-17 20:00:00,-0.45671225
2026-04-17 21:00:00,-0.8992886
2026-04-17 22:00:00,-1.2200711
2026-04-17 23:00:00,-1.3676862
2026-04-18 00:00:00,-1.0963962
2026-04-18 01:00:00,-0.5318587
2026-04-18 02:00:00,0.079396635
2026-04-18 03:00:00,0.7068258
2026-04-18 04:00:00,1.1620859
2026-04-18 05:00:00,1.2709476
2026-04-18 06:00:00,0.9781828
2026-04-18 07:00:00,0.46823534
2026-04-18 08:00:00,-0.041946404
2026-04-18 09:00:00,-0.5317369
2026-04-18 10:00:00,-0.9301247
2026-04-18 11:00:00,-1.1725703
2026-04-18 12:00:00,-1.119015
2026-04-18 13:00:00,-0.6352388
2026-04-18 14:00:00,-0.07561169
2026-04-18 15:00:00,0.47784555
2026-04-18 16:00:00,0.9318165
2026-04-18 17:00:00,1.0842093
2026-04-18 18:00:00,0.8498068
2026-04-18 19:00:00,0.36243242
2026-04-18 20:00:00,-0.1313882
2026-04-18 21:00:00,-0.61828995
2026-04-18 22:00:00,-1.0269877
2026-04-18 23:00:00,-1.2955103
2026-04-19 00:00:00,-1.3082155
2026-04-19 01:00:00,-0.8431234
2026-04-19 02:00:00,-0.27525672
2026-04-19 03:00:00,0.34563273
2026-04-19 04:00:00,0.93685913
2026-04-19 05:00:00,1.2763214
2026-04-19 06:00:00,1.2544181
2026-04-19 07:00:00,0.8634105
2026-04-19 08:00:00,0.35694644
2026-04-19 09:00:00,-0.14570397
2026-04-19 10:00:00,-0.60413593
2026-04-19 11:00:00,-0.9562093
2026-04-19 12:00:00,-1.1240644
2026-04-19 13:00:00,-0.9202335
2026-04-19 14:00:00,-0.38439798
2026-04-19 15:00:00,0.17092885
2026-04-19 16:00:00,0.6950612
2026-04-19 17:00:00,1.0196875
2026-04-19 18:00:00,1.0010432
2026-04-19 19:00:00,0.6366405
2026-04-19 20:00:00,0.17896399
2026-04-19 21:00:00,-0.28400502
2026-04-19 22:00:00,-0.7310878
2026-04-19 23:00:00,-1.0732462
2026-04-20 00:00:00,-1.2693933
2026-04-20 01:00:00,-1.141088
2026-04-20 02:00:00,-0.6260232
2026-04-20 03:00:00,-0.04569235
2026-04-20 04:00:00,0.5768755
2026-04-20 05:00:00,1.1064507
2026-04-20 06:00:00,1.3271146
2026-04-20 07:00:00,1.1741472
2026-04-20 08:00:00,0.72580403
2026-04-20 09:00:00,0.24220955
2026-04-20 10:00:00,-0.24110429
2026-04-20 11:00:00,-0.6369243
2026-04-20 12:00:00,-0.92042875
2026-04-20 13:00:00,-0.99248034
2026-04-20 14:00:00,-0.6671128
2026-04-20 15:00:00,-0.19219434
2026-04-20 16:00:00,0.30212203
2026-04-20 17:00:00,0.72599286
2026-04-20 18:00:00,0.93727463
2026-04-20 19:00:00,0.8099785
2026-04-20 20:00:00,0.42852587
2026-04-20 21:00:00,0.004242482
2026-04-20 22:00:00,-0.42251903
2026-04-20 23:00:00,-0.81031424
2026-04-21 00:00:00,-1.080216
2026-04-21 01:00:00,-1.1516354
2026-04-21 02:00:00,-0.83635145
2026-04-21 03:00:00,-0.34223485
2026-04-21 04:00:00,0.19137976
2026-04-21 05:00:00,0.7251134
2026-04-21 06:00:00,1.0918144
2026-04-21 07:00:00,1.1950468
2026-04-21 08:00:00,0.9776199
2026-04-21 09:00:00,0.56381863
2026-04-21 10:00:00,0.12828058
2026-04-21 11:00:00,-0.30208376
2026-04-21 12:00:00,-0.6608301
2026-04-21 13:00:00,-0.885615
2026-04-21 14:00:00,-0.87095135
2026-04-21 15:00:00,-0.5235073
2026-04-21 16:00:00,-0.09114447
2026-04-21 17:00:00,0.33085117
2026-04-21 18:00:00,0.6550046
2026-04-21 19:00:00,0.77043694
2026-04-21 20:00:00,0.60696995
2026-04-21 21:00:00,0.27061293
2026-04-21 22:00:00,-0.104864776
2026-04-21 23:00:00,-0.46708012
2026-04-22 00:00:00,-0.77492857
2026-04-22 01:00:00,-0.95428216
2026-04-22 02:00:00,-0.9417547
2026-04-22 03:00:00,-0.61020756
2026-04-22 04:00:00,-0.17774169
2026-04-22 05:00:00,0.26560804
2026-04-22 06:00:00,0.6861429
2026-04-22 07:00:00,0.9555225
2026-04-22 08:00:00,1.0012739
2026-04-22 09:00:00,0.77943563
2026-04-22 10:00:00,0.42428228
2026-04-22 11:00:00,0.048040435
2026-04-22 12:00:00,-0.32548684
2026-04-22 13:00:00,-0.61256254
2026-04-22 14:00:00,-0.76304245
2026-04-22 15:00:00,-0.71338564
2026-04-22 16:00:00,-0.42667648
2026-04-22 17:00:00,-0.08472037
2026-04-22 18:00:00,0.2472035
2026-04-22 19:00:00,0.50099415
2026-04-22 20:00:00,0.5829532
2026-04-22 21:00:00,0.44039524
2026-04-22 22:00:00,0.17406401
2026-04-22 23:00:00,-0.13049263
2026-04-23 00:00:00,-0.44181535
2026-04-23 01:00:00,-0.70139784
2026-04-23 02:00:00,-0.85167253
2026-04-23 03:00:00,-0.8007271
2026-04-23 04:00:00,-0.49648446
2026-04-23 05:00:00,-0.13102312
2026-04-23 06:00:00,0.26006943
